open;high;low;close;volume
2021-03-05 09:33:00.041600;113665.0;113665.0;113105.0;113210.0;688373
2021-03-05 09:58:00.162170;113210.0;113250.0;112825.0;112945.0;727534
2021-03-05 10:16:00.470100;112945.0;113350.0;112610.0;113290.0;743913
2021-03-05 10:31:00.215570;113290.0;113505.0;112830.0;112835.0;636931
2021-03-05 10:43:00.461330;112835.0;113580.0;112415.0;113440.0;688201
2021-03-05 11:00:00.415970;113440.0;114125.0;113340.0;114085.0;792996
2021-03-05 11:20:00.377370;114085.0;114755.0;114015.0;114745.0;833599
2021-03-05 11:38:00.199430;114745.0;114765.0;114105.0;114170.0;804845
2021-03-05 11:51:00.321230;114170.0;114865.0;114000.0;114400.0;788661
2021-03-05 12:11:00.358830;114400.0;114785.0;114070.0;114445.0;802570
2021-03-05 12:31:00.459470;114445.0;114560.0;114000.0;114000.0;884499
2021-03-05 12:49:00.469970;114000.0;114430.0;113860.0;114370.0;918962
2021-03-05 13:14:00.135870;114370.0;114575.0;114100.0;114145.0;921798
2021-03-05 13:32:00.364730;114145.0;114225.0;113370.0;113875.0;911369
2021-03-05 13:53:00.588900;113880.0;114265.0;113660.0;114040.0;921617
2021-03-05 14:16:00.186070;114040.0;114660.0;113825.0;114635.0;913843
2021-03-05 14:38:00.288270;114635.0;115225.0;114555.0;115105.0;902086
2021-03-05 15:02:00.196800;115105.0;115300.0;114865.0;115000.0;870910
2021-03-05 15:27:00.578230;115000.0;115495.0;114935.0;115370.0;893994
2021-03-05 15:56:00.367500;115370.0;115445.0;114990.0;115135.0;921238
2021-03-05 16:26:00.328670;115135.0;115315.0;114885.0;115260.0;908282
2021-03-05 17:03:00.230070;115260.0;115635.0;115105.0;115495.0;916917
2021-03-05 17:40:00.061930;115495.0;115600.0;115040.0;115555.0;898301
2021-03-11 09:08:00.598070;115555.0;115575.0;113925.0;114015.0;774728
2021-03-11 09:42:00.334130;114010.0;114240.0;113795.0;114015.0;688628
2021-03-11 10:08:00.430100;114015.0;114280.0;113930.0;114100.0;694577
2021-03-11 10:29:00.178430;114100.0;114285.0;113755.0;113945.0;741434
2021-03-11 10:48:00.221770;113945.0;114230.0;113830.0;114075.0;782197
2021-03-11 11:09:00.278230;114075.0;114560.0;113980.0;114520.0;796883
2021-03-11 11:31:00.585570;114520.0;114595.0;114210.0;114295.0;768271
2021-03-11 11:50:00.031830;114295.0;114370.0;113940.0;114015.0;796064
2021-03-11 12:09:00.085870;114015.0;114170.0;113705.0;113755.0;844860
2021-03-11 12:28:00.582870;113755.0;113940.0;113330.0;113845.0;871008
2021-03-11 12:48:00.104470;113845.0;114090.0;113545.0;113785.0;896806
2021-03-11 13:16:00.167270;113785.0;113960.0;113575.0;113750.0;854147
2021-03-11 13:50:00.310270;113750.0;114185.0;113595.0;114075.0;815217
2021-03-11 14:21:00.225630;114070.0;114145.0;113620.0;114000.0;804509
2021-03-11 14:45:00.575370;114000.0;114490.0;113990.0;114390.0;800153
2021-03-11 15:09:00.121230;114390.0;114895.0;114380.0;114690.0;872050
2021-03-11 15:45:00.132530;114690.0;114810.0;114470.0;114675.0;833447
2021-03-11 16:15:00.595370;114675.0;115125.0;114670.0;115040.0;869234
2021-03-11 16:42:00.413630;115040.0;115190.0;114390.0;114850.0;932481
2021-03-11 17:18:00.340470;114850.0;115080.0;114550.0;115020.0;912000
2021-03-11 18:01:00.132570;115020.0;115265.0;114805.0;114995.0;867894
2021-03-10 09:14:00.007500;114995.0;115125.0;111515.0;112375.0;690025
2021-03-10 09:35:00.010270;112375.0;112400.0;111895.0;112050.0;720166
2021-03-10 09:56:00.435000;112050.0;112345.0;111815.0;111885.0;717747
2021-03-10 10:12:00.381330;111885.0;112050.0;111575.0;111840.0;750439
2021-03-10 10:30:00.134470;111840.0;111860.0;111415.0;111795.0;757556
2021-03-10 10:41:00.015830;111790.0;112565.0;111770.0;112350.0;802523
2021-03-10 10:59:00.019670;112350.0;112440.0;111830.0;112095.0;809280
2021-03-10 11:20:00.468600;112095.0;112260.0;111815.0;111825.0;840436
2021-03-10 11:38:00.232830;111825.0;112160.0;111670.0;112090.0;882839
2021-03-10 11:58:00.223770;112090.0;112370.0;111865.0;112290.0;894344
2021-03-10 12:19:00.570470;112290.0;112400.0;111700.0;111810.0;877012
2021-03-10 12:34:00.272570;111810.0;112015.0;111210.0;111795.0;877737
2021-03-10 12:51:00.086100;111795.0;112235.0;111270.0;112125.0;871051
2021-03-10 13:01:00.555700;112125.0;112365.0;110970.0;111665.0;874470
2021-03-10 13:22:00.464470;111665.0;111815.0;111090.0;111205.0;807609
2021-03-10 13:45:00.147100;111205.0;111600.0;110930.0;110975.0;750610
2021-03-10 14:13:00.062500;110975.0;111480.0;110605.0;110665.0;816546
2021-03-10 14:34:00.482230;110665.0;111540.0;110540.0;111370.0;828499
2021-03-10 14:53:00.238030;111370.0;111450.0;110055.0;110165.0;817266
2021-03-10 15:08:00.234030;110165.0;110800.0;109945.0;110775.0;811512
2021-03-10 15:26:00.201500;110775.0;111985.0;110720.0;111700.0;825969
2021-03-10 15:58:00.164430;111700.0;111945.0;111485.0;111685.0;861162
2021-03-10 16:28:00.484870;111685.0;112555.0;111630.0;112470.0;903306
2021-03-10 16:55:00.359800;112470.0;113110.0;112315.0;112950.0;909092
2021-03-10 17:33:00.344900;112950.0;113040.0;112535.0;112840.0;881929
2021-03-04 09:04:00.116100;112840.0;113250.0;111000.0;112075.0;729742
2021-03-04 09:21:00.217370;112075.0;112895.0;111980.0;112515.0;712116
2021-03-04 09:45:00.211900;112515.0;112755.0;112105.0;112105.0;704796
2021-03-04 10:05:00.238470;112105.0;112180.0;111625.0;111650.0;715878
2021-03-04 10:16:00.319000;111650.0;112285.0;111440.0;112040.0;687720
2021-03-04 10:28:00.072000;112040.0;112550.0;111825.0;112540.0;672009
2021-03-04 10:40:00.548600;112540.0;113050.0;112170.0;113025.0;671724
2021-03-04 10:59:00.259000;113025.0;113425.0;112930.0;113355.0;794545
2021-03-04 11:18:00.039570;113350.0;113860.0;113190.0;113450.0;795192
2021-03-04 11:33:00.473130;113450.0;114375.0;113410.0;114200.0;806620
2021-03-04 11:48:00.533670;114200.0;114325.0;113425.0;113425.0;786091
2021-03-04 12:01:00.597670;113425.0;113765.0;113165.0;113175.0;777955
2021-03-04 12:17:00.175530;113170.0;113375.0;112725.0;112790.0;846795
2021-03-04 12:33:00.244630;112790.0;113700.0;112770.0;113630.0;809258
2021-03-04 12:53:00.102070;113630.0;114365.0;113530.0;113840.0;770866
2021-03-04 13:08:00.285830;113840.0;114700.0;113650.0;114015.0;762393
2021-03-04 13:26:00.545170;114010.0;114215.0;113340.0;113415.0;808887
2021-03-04 13:46:00.242570;113415.0;114275.0;113330.0;114000.0;821282
2021-03-04 14:13:00.127830;114000.0;114200.0;113420.0;113615.0;797138
2021-03-04 14:28:00.532270;113615.0;114260.0;113245.0;113395.0;826150
2021-03-04 14:45:00.268800;113395.0;113730.0;113055.0;113160.0;808351
2021-03-04 15:00:00.183170;113160.0;113240.0;112470.0;112480.0;823149
2021-03-04 15:17:00.244230;112480.0;113075.0;112425.0;112755.0;832870
2021-03-04 15:35:00.237970;112755.0;112800.0;112160.0;112660.0;772092
2021-03-04 15:52:00.306730;112660.0;112870.0;111715.0;111865.0;819740
2021-03-04 16:10:00.450170;111865.0;112425.0;111555.0;112245.0;777396
2021-03-04 16:30:00.444570;112245.0;112875.0;111865.0;112435.0;862008
2021-03-04 16:50:00.301030;112435.0;112930.0;111935.0;112905.0;856745
2021-03-04 17:11:00.585770;112905.0;112950.0;111905.0;112105.0;826873
2021-03-04 17:36:00.058200;112105.0;112775.0;111900.0;112565.0;808953
2021-03-04 17:59:00.596770;112565.0;112875.0;112215.0;112705.0;712715
2021-03-12 09:15:00.240000;112705.0;114220.0;112585.0;114085.0;616257
2021-03-12 09:52:00.416070;114085.0;114265.0;113835.0;114185.0;731866
2021-03-12 10:17:00.576330;114185.0;114435.0;113960.0;114405.0;762599
2021-03-12 10:37:00.119000;114405.0;114540.0;114040.0;114130.0;749947
2021-03-12 11:01:00.527130;114130.0;114340.0;113880.0;114150.0;795513
2021-03-12 11:27:00.459670;114150.0;114215.0;113710.0;113800.0;803201
2021-03-12 11:47:00.092830;113795.0;113930.0;113545.0;113560.0;888604
2021-03-12 12:12:00.254030;113560.0;114025.0;113525.0;113985.0;876694
2021-03-12 12:36:00.418000;113985.0;114000.0;113300.0;113460.0;891392
2021-03-12 13:06:00.046000;113460.0;113855.0;113455.0;113785.0;898711
2021-03-12 13:37:00.172830;113785.0;114270.0;113750.0;114100.0;911060
2021-03-12 14:19:00.511630;114100.0;114485.0;114045.0;114370.0;876271
2021-03-12 14:50:00.474270;114370.0;114420.0;113795.0;114020.0;881743
2021-03-12 15:26:00.465030;114020.0;114200.0;113880.0;114080.0;887180
2021-03-12 16:04:00.161070;114085.0;114135.0;113765.0;114005.0;919594
2021-03-12 16:43:00.333170;114005.0;114135.0;113710.0;113925.0;939035
2021-03-12 17:35:00.357230;113925.0;114140.0;113860.0;114040.0;924884
2021-03-17 09:08:00.203930;114045.0;114325.0;113205.0;113250.0;766185
2021-03-17 09:37:00.412770;113250.0;113475.0;113135.0;113460.0;770300
2021-03-17 10:10:00.413230;113460.0;113585.0;113320.0;113500.0;823491
2021-03-17 10:30:00.035070;113500.0;113860.0;113480.0;113750.0;872184
2021-03-17 10:53:00.291430;113750.0;113970.0;113730.0;113870.0;898862
2021-03-17 11:21:00.485970;113870.0;114180.0;113835.0;114100.0;886558
2021-03-17 11:50:00.109470;114105.0;114340.0;114045.0;114085.0;926701
2021-03-17 12:17:00.090600;114080.0;114715.0;114075.0;114680.0;987140
2021-03-17 12:58:00.552370;114680.0;114695.0;114405.0;114500.0;982111
2021-03-17 13:17:00.581500;114500.0;115565.0;114485.0;115560.0;1008992
2021-03-17 13:51:00.332370;115560.0;115575.0;115110.0;115295.0;946628
2021-03-17 14:28:00.580130;115300.0;115615.0;115180.0;115440.0;929850
2021-03-17 15:00:00.327400;115440.0;116000.0;115050.0;115960.0;849803
2021-03-17 15:20:00.393070;115960.0;115975.0;115380.0;115620.0;843593
2021-03-17 15:44:00.459170;115620.0;116270.0;115420.0;116155.0;874798
2021-03-17 16:16:00.090930;116160.0;116550.0;116075.0;116365.0;910783
2021-03-17 16:45:00.422500;116365.0;116940.0;116205.0;116570.0;934854
2021-03-03 09:06:00.074400;116570.0;116790.0;112420.0;112445.0;932258
2021-03-03 09:25:00.481170;112445.0;112500.0;111795.0;111990.0;759672
2021-03-03 09:51:00.110900;111990.0;112070.0;111480.0;111480.0;756005
2021-03-03 10:09:00.398700;111480.0;111650.0;111200.0;111310.0;772295
2021-03-03 10:21:00.502130;111310.0;111535.0;110945.0;111175.0;719229
2021-03-03 10:38:00.015930;111175.0;111355.0;110920.0;111355.0;788544
2021-03-03 10:51:00.036000;111355.0;111520.0;110945.0;111165.0;832093
2021-03-03 11:06:00.551700;111165.0;111450.0;110695.0;110695.0;887608
2021-03-03 11:22:00.216370;110695.0;110800.0;110280.0;110545.0;867434
2021-03-03 11:38:00.433030;110545.0;110785.0;110135.0;110155.0;922615
2021-03-03 11:54:00.393930;110155.0;110525.0;109615.0;109640.0;896302
2021-03-03 12:08:00.231170;109640.0;109675.0;109160.0;109410.0;918650
2021-03-03 12:24:00.323430;109410.0;109570.0;108870.0;109495.0;969449
2021-03-03 12:38:00.342770;109495.0;109740.0;108670.0;109375.0;924808
2021-03-03 12:58:00.385030;109375.0;109375.0;108805.0;109205.0;950040
2021-03-03 13:18:00.502100;109200.0;109340.0;108550.0;109085.0;958791
2021-03-03 13:41:00.185070;109085.0;109600.0;108910.0;108960.0;942564
2021-03-03 14:03:00.511030;108960.0;109585.0;108930.0;109275.0;941192
2021-03-03 14:31:00.349870;109275.0;109345.0;108855.0;109025.0;963280
2021-03-03 14:56:00.227530;109025.0;109430.0;108760.0;109040.0;946151
2021-03-03 15:14:00.089800;109040.0;109060.0;108315.0;108650.0;886363
2021-03-03 15:35:00.152800;108650.0;108735.0;108225.0;108380.0;915347
2021-03-03 15:58:00.595730;108380.0;108575.0;107945.0;107945.0;924181
2021-03-03 16:18:00.497070;107950.0;108135.0;107550.0;107990.0;971886
2021-03-03 16:37:00.401400;107990.0;108955.0;107805.0;108935.0;978031
2021-03-03 16:44:00.312670;108935.0;111025.0;108910.0;109570.0;895586
2021-03-03 16:52:00.320870;109570.0;111995.0;109535.0;111750.0;733121
2021-03-03 17:01:00.563530;111750.0;112775.0;111355.0;111475.0;666466
2021-03-03 17:16:00.315900;111475.0;111755.0;110455.0;111280.0;588483
2021-03-03 17:33:00.506970;111280.0;111750.0;110710.0;111335.0;546079
2021-03-03 17:50:00.383670;111340.0;111935.0;111170.0;111240.0;492754
2021-03-02 09:02:00.039430;111240.0;111705.0;110000.0;110285.0;505592
2021-03-02 09:26:00.043400;110285.0;110600.0;109805.0;109890.0;790637
2021-03-02 09:45:00.138600;109890.0;109955.0;109100.0;109310.0;848164
2021-03-02 10:07:00.220870;109310.0;109400.0;108960.0;109050.0;824678
2021-03-02 10:17:00.414370;109050.0;109065.0;107885.0;107945.0;873044
2021-03-02 10:33:00.299970;107945.0;108345.0;107795.0;107985.0;922763
2021-03-02 10:49:00.469900;107985.0;108140.0;107330.0;108135.0;959945
2021-03-02 11:07:00.468130;108135.0;108565.0;108015.0;108070.0;1025709
2021-03-02 11:22:00.310200;108065.0;108735.0;107715.0;108645.0;933214
2021-03-02 11:40:00.184400;108645.0;108895.0;108365.0;108770.0;982088
2021-03-02 11:56:00.276400;108775.0;108860.0;107870.0;108185.0;1006184
2021-03-02 12:15:00.202430;108190.0;109130.0;108185.0;108915.0;1021357
2021-03-02 12:35:00.154830;108915.0;109390.0;108695.0;109270.0;1021884
2021-03-02 12:59:00.485870;109265.0;109375.0;108855.0;109255.0;1051991
2021-03-02 13:29:00.030270;109255.0;109305.0;108465.0;108650.0;1076252
2021-03-02 13:57:00.017830;108650.0;108820.0;108280.0;108755.0;1023667
2021-03-02 14:20:00.100400;108755.0;109930.0;108730.0;109890.0;1086916
2021-03-02 14:46:00.435900;109890.0;110370.0;109675.0;110275.0;1102486
2021-03-02 15:12:00.032530;110275.0;110560.0;109885.0;110525.0;1102159
2021-03-02 15:42:00.045700;110525.0;110635.0;110150.0;110305.0;1113880
2021-03-02 16:00:00.332200;110305.0;112190.0;110090.0;111895.0;1063097
2021-03-02 16:22:00.279870;111895.0;111920.0;110570.0;110875.0;1027162
2021-03-02 16:47:00.501900;110875.0;112100.0;110780.0;112065.0;1017450
2021-03-02 17:16:00.117070;112065.0;112630.0;112060.0;112180.0;932079
2021-03-02 17:51:00.096770;112180.0;112360.0;111725.0;112105.0;883976
2021-03-16 09:08:00.491170;112105.0;115260.0;111395.0;115090.0;770067
2021-03-16 09:44:00.392970;115095.0;115150.0;114865.0;114990.0;762159
2021-03-16 10:11:00.577270;114990.0;115135.0;114665.0;114890.0;840079
2021-03-16 10:34:00.408200;114890.0;115000.0;114705.0;114845.0;837906
2021-03-16 10:52:00.231500;114845.0;115050.0;114470.0;114490.0;869142
2021-03-16 11:15:00.159330;114490.0;114595.0;114345.0;114525.0;863126
2021-03-16 11:44:00.072970;114525.0;114625.0;114380.0;114540.0;883421
2021-03-16 12:10:00.169970;114540.0;114740.0;114380.0;114505.0;897758
2021-03-16 12:41:00.348100;114505.0;114715.0;114195.0;114235.0;918363
2021-03-16 13:07:00.009530;114235.0;114305.0;113840.0;114090.0;907902
2021-03-16 13:51:00.437130;114095.0;114165.0;113910.0;113990.0;911952
2021-03-16 14:31:00.238670;113990.0;114175.0;113810.0;113915.0;876772
2021-03-16 15:06:00.593630;113920.0;114060.0;113730.0;113920.0;904092
2021-03-16 15:41:00.023030;113920.0;114005.0;113455.0;113500.0;957050
2021-03-16 16:15:00.069930;113500.0;113960.0;113390.0;113835.0;969591
2021-03-16 16:56:00.234270;113835.0;114170.0;113805.0;113975.0;980074
2021-03-15 09:10:00.168630;113975.0;114500.0;113915.0;114040.0;797896
2021-03-15 09:44:00.423130;114040.0;114100.0;113710.0;113710.0;774668
2021-03-15 10:11:00.439930;113710.0;113790.0;113520.0;113670.0;802617
2021-03-15 10:33:00.104870;113670.0;113980.0;113640.0;113765.0;824797
2021-03-15 10:52:00.177930;113765.0;114095.0;113745.0;114075.0;858076
2021-03-15 11:08:00.127730;114075.0;114650.0;113995.0;114450.0;888959
2021-03-15 11:35:00.277770;114450.0;114550.0;114255.0;114540.0;849739
2021-03-15 11:55:00.239030;114540.0;114920.0;114380.0;114855.0;871762
2021-03-15 12:30:00.079230;114855.0;114945.0;114575.0;114575.0;886021
2021-03-15 12:53:00.124200;114575.0;114610.0;114055.0;114180.0;906254
2021-03-15 13:26:00.297370;114180.0;114735.0;114160.0;114735.0;895579
2021-03-15 14:02:00.278170;114735.0;114855.0;114460.0;114725.0;862660
2021-03-15 14:41:00.027370;114720.0;114805.0;114475.0;114620.0;874854
2021-03-15 15:26:00.193770;114620.0;114770.0;114505.0;114665.0;925284
2021-03-15 15:58:00.598030;114665.0;115050.0;114605.0;114770.0;956270
2021-03-15 16:42:00.504470;114770.0;114880.0;114570.0;114665.0;937786
2021-03-15 17:18:00.370830;114665.0;115245.0;114535.0;115030.0;898583
2021-03-01 09:18:00.434970;115030.0;115180.0;111235.0;111695.0;808372
2021-03-01 09:50:00.025870;111690.0;111885.0;111410.0;111550.0;822022
2021-03-01 10:20:00.226970;111550.0;111865.0;111530.0;111650.0;870256
2021-03-01 10:35:00.490470;111645.0;111655.0;111145.0;111500.0;848346
2021-03-01 10:52:00.441030;111500.0;111710.0;111120.0;111160.0;895093
2021-03-01 11:08:00.059370;111160.0;111200.0;110635.0;110760.0;975212
2021-03-01 11:30:00.032870;110760.0;111140.0;110670.0;111115.0;919873
2021-03-01 11:43:00.415230;111110.0;111185.0;110450.0;110915.0;965995
2021-03-01 12:02:00.038070;110915.0;111185.0;110555.0;111185.0;974898
2021-03-01 12:21:00.515730;111185.0;111780.0;111010.0;111705.0;985566
2021-03-01 12:44:00.031470;111705.0;111715.0;111110.0;111540.0;975063
2021-03-01 13:08:00.072500;111545.0;111960.0;111480.0;111945.0;1024084
2021-03-01 13:40:00.428000;111945.0;112325.0;111910.0;112300.0;1062496
2021-03-01 14:14:00.398500;112300.0;112445.0;112035.0;112385.0;980540
2021-03-01 14:47:00.338900;112385.0;112520.0;112080.0;112470.0;1006233
2021-03-01 15:11:00.431170;112470.0;112670.0;111740.0;111760.0;992803
2021-03-01 15:38:00.302430;111760.0;112420.0;111700.0;112220.0;1023974
2021-03-01 16:09:00.511630;112220.0;112555.0;112165.0;112295.0;1107203
2021-03-01 16:48:00.280300;112295.0;112480.0;112095.0;112095.0;1124572
2021-03-01 17:09:00.374630;112095.0;112115.0;110950.0;111350.0;1093858
2021-03-01 17:34:00.270300;111355.0;111645.0;110875.0;111035.0;1113630
2021-03-01 18:08:00.581800;111035.0;111060.0;110080.0;110250.0;992133
2021-03-29 09:22:00.483330;110250.0;114710.0;110060.0;114465.0;750762
2021-03-29 09:46:00.579530;114465.0;114530.0;113845.0;113915.0;753389
2021-03-29 10:08:00.252930;113915.0;114410.0;113770.0;114300.0;810447
2021-03-29 10:21:00.429430;114300.0;115075.0;114255.0;115000.0;836541
2021-03-29 10:36:00.470670;115000.0;115220.0;114665.0;114940.0;843790
2021-03-29 10:55:00.196930;114935.0;115085.0;114615.0;114740.0;865600
2021-03-29 11:10:00.386730;114740.0;115430.0;114680.0;115200.0;903270
2021-03-29 11:29:00.579230;115200.0;115340.0;114570.0;114670.0;871933
2021-03-29 11:50:00.452230;114675.0;114795.0;114460.0;114585.0;926802
2021-03-29 12:10:00.274830;114585.0;114670.0;114095.0;114340.0;889436
2021-03-29 12:32:00.207500;114335.0;114950.0;114235.0;114790.0;876661
2021-03-29 12:58:00.282730;114785.0;115085.0;114450.0;114955.0;925905
2021-03-29 13:31:00.159330;114955.0;115070.0;114675.0;114960.0;966401
2021-03-29 14:02:00.126000;114960.0;115345.0;114945.0;115330.0;888677
2021-03-29 14:27:00.129830;115330.0;115665.0;115075.0;115200.0;876617
2021-03-29 14:58:00.092670;115200.0;115350.0;114935.0;115140.0;913112
2021-03-29 15:28:00.514030;115140.0;115385.0;115010.0;115155.0;925266
2021-03-29 15:56:00.531600;115155.0;115415.0;114825.0;114900.0;965811
2021-03-29 16:19:00.550070;114900.0;115430.0;114540.0;115290.0;1011730
2021-03-29 16:52:00.596230;115290.0;115625.0;115230.0;115405.0;989531
2021-04-01 09:00:00.552100;115400.0;117305.0;115160.0;117300.0;876314
2021-04-01 09:30:00.121470;117300.0;117515.0;116890.0;116905.0;761654
2021-04-01 09:55:00.362070;116905.0;116960.0;116530.0;116900.0;850070
2021-04-01 10:16:00.451370;116905.0;117095.0;116850.0;116890.0;864392
2021-04-01 10:35:00.325170;116890.0;116920.0;116620.0;116660.0;885852
2021-04-01 10:51:00.329270;116660.0;116745.0;116260.0;116285.0;906062
2021-04-01 11:14:00.162700;116290.0;116400.0;116100.0;116155.0;910972
2021-04-01 11:32:00.171270;116160.0;116260.0;115630.0;115670.0;918730
2021-04-01 11:48:00.101970;115670.0;115830.0;115340.0;115740.0;1000211
2021-04-01 12:12:00.111370;115745.0;116055.0;115690.0;115805.0;936371
2021-04-01 12:43:00.489000;115805.0;115900.0;115530.0;115555.0;931612
2021-04-01 13:11:00.004830;115555.0;116030.0;115380.0;115905.0;923846
2021-04-01 13:44:00.164470;115905.0;115990.0;115275.0;115490.0;940161
2021-04-01 14:18:00.184000;115495.0;115825.0;115460.0;115600.0;951970
2021-04-01 14:47:00.222170;115605.0;115625.0;115230.0;115505.0;953935
2021-04-01 15:21:00.498970;115505.0;115890.0;115440.0;115690.0;939084
2021-04-01 16:10:00.065500;115690.0;115790.0;115505.0;115745.0;988887
2021-04-01 16:41:00.193770;115745.0;115770.0;115100.0;115160.0;975324
2021-04-01 17:21:00.130970;115160.0;115270.0;114915.0;114965.0;949383
2021-04-12 09:15:00.085000;114965.0;118040.0;114680.0;117945.0;791216
2021-04-12 09:58:00.423430;117945.0;118135.0;117885.0;117975.0;836316
2021-04-12 10:11:00.490970;117975.0;118520.0;117855.0;118405.0;876969
2021-04-12 10:37:00.171970;118410.0;118480.0;118205.0;118420.0;913021
2021-04-12 10:56:00.438000;118415.0;118540.0;118140.0;118185.0;905912
2021-04-12 11:22:00.248770;118185.0;118550.0;118125.0;118495.0;939296
2021-04-12 11:57:00.277970;118495.0;118565.0;118310.0;118410.0;956261
2021-04-12 12:30:00.442170;118410.0;118670.0;118245.0;118620.0;963454
2021-04-12 13:08:00.246530;118620.0;118680.0;118340.0;118365.0;945342
2021-04-12 13:48:00.313130;118370.0;118620.0;118275.0;118510.0;955993
2021-04-12 14:35:00.273670;118515.0;118635.0;118370.0;118445.0;954703
2021-04-12 15:08:00.344370;118445.0;118840.0;118375.0;118695.0;983802
2021-04-12 15:44:00.079300;118700.0;118815.0;118335.0;118450.0;983336
2021-04-12 16:17:00.032270;118450.0;118625.0;118255.0;118595.0;1012423
2021-04-12 16:58:00.391570;118595.0;118820.0;118565.0;118800.0;1010351
2021-04-06 09:03:00.482570;118800.0;118950.0;117135.0;117330.0;885098
2021-04-06 09:36:00.396070;117330.0;117535.0;117135.0;117195.0;780279
2021-04-06 09:59:00.554170;117195.0;117585.0;117100.0;117530.0;843917
2021-04-06 10:15:00.274770;117530.0;117780.0;117490.0;117495.0;882575
2021-04-06 10:35:00.074870;117500.0;117640.0;117270.0;117555.0;912214
2021-04-06 10:48:00.578770;117560.0;117870.0;117510.0;117635.0;915608
2021-04-06 11:07:00.022670;117630.0;117665.0;117280.0;117300.0;915678
2021-04-06 11:28:00.217370;117300.0;117610.0;117260.0;117415.0;986833
2021-04-06 11:46:00.445570;117410.0;117685.0;117180.0;117580.0;1044460
2021-04-06 12:04:00.561970;117580.0;118215.0;117565.0;118030.0;985416
2021-04-06 12:34:00.567830;118035.0;118135.0;117610.0;117745.0;950762
2021-04-06 13:14:00.288930;117740.0;117860.0;117565.0;117825.0;1046962
2021-04-06 13:40:00.264000;117830.0;118260.0;117815.0;117850.0;962372
2021-04-06 14:17:00.076430;117850.0;117915.0;117480.0;117690.0;994991
2021-04-06 14:42:00.058400;117690.0;117775.0;117365.0;117685.0;960294
2021-04-06 15:09:00.590830;117685.0;118130.0;117515.0;117880.0;971224
2021-04-06 15:53:00.110400;117880.0;117920.0;117690.0;117725.0;1031979
2021-04-06 16:24:00.155570;117725.0;117770.0;117320.0;117515.0;1039529
2021-04-06 17:07:00.588700;117515.0;117620.0;117335.0;117575.0;1032812
2021-04-07 09:14:00.425100;117575.0;117860.0;117390.0;117500.0;810338
2021-04-07 09:39:00.259930;117500.0;117665.0;117210.0;117580.0;791787
2021-04-07 10:02:00.195530;117580.0;117610.0;117070.0;117190.0;842617
2021-04-07 10:23:00.060200;117190.0;117445.0;117105.0;117440.0;883496
2021-04-07 10:35:00.253230;117440.0;118150.0;117360.0;118095.0;924217
2021-04-07 10:55:00.188470;118095.0;118115.0;117765.0;117955.0;914368
2021-04-07 11:20:00.447300;117955.0;117975.0;117675.0;117795.0;919370
2021-04-07 11:46:00.260730;117795.0;118085.0;117795.0;117865.0;958932
2021-04-07 12:06:00.004070;117865.0;117945.0;117335.0;117500.0;984034
2021-04-07 12:36:00.245270;117505.0;117720.0;117390.0;117490.0;949813
2021-04-07 12:54:00.015600;117490.0;117545.0;116680.0;116960.0;976951
2021-04-07 13:31:00.001670;116960.0;117100.0;116735.0;117070.0;949860
2021-04-07 13:55:00.096170;117070.0;117895.0;117050.0;117845.0;979116
2021-04-07 14:22:00.596000;117845.0;118200.0;117815.0;117995.0;1038792
2021-04-07 15:00:00.303230;117995.0;118500.0;117870.0;118085.0;998169
2021-04-07 15:35:00.211130;118080.0;118355.0;117835.0;117865.0;1014325
2021-04-07 15:57:00.338500;117865.0;118330.0;117510.0;117705.0;1048087
2021-04-07 16:38:00.179670;117705.0;117775.0;117360.0;117650.0;1007125
2021-04-07 17:48:00.047870;117650.0;118170.0;117450.0;117855.0;969399
2021-04-13 09:20:00.517270;117855.0;118280.0;117800.0;118215.0;733074
2021-04-13 09:48:00.039130;118220.0;118660.0;118210.0;118540.0;856082
2021-04-13 10:16:00.018370;118540.0;118730.0;118435.0;118495.0;939654
2021-04-13 10:30:00.577970;118495.0;118505.0;117950.0;118100.0;858663
2021-04-13 10:48:00.243970;118100.0;118360.0;118040.0;118305.0;984659
2021-04-13 11:06:00.569870;118305.0;118565.0;118125.0;118325.0;960823
2021-04-13 11:29:00.504130;118325.0;118480.0;118050.0;118480.0;946678
2021-04-13 11:50:00.481230;118480.0;118875.0;118285.0;118795.0;978413
2021-04-13 12:22:00.124400;118795.0;118810.0;118450.0;118580.0;927176
2021-04-13 12:45:00.131070;118580.0;119285.0;118555.0;119285.0;990728
2021-04-13 13:30:00.164970;119285.0;119445.0;119155.0;119385.0;990306
2021-04-13 14:19:00.438230;119385.0;119540.0;119300.0;119515.0;996252
2021-04-13 15:11:00.007300;119515.0;119565.0;119325.0;119330.0;1003745
2021-04-13 15:46:00.072570;119330.0;119420.0;119105.0;119255.0;1010744
2021-04-13 16:30:00.031000;119255.0;119370.0;119125.0;119165.0;1040529
2021-04-13 17:30:00.382400;119165.0;119325.0;119030.0;119165.0;1057201
2021-02-17 13:21:00.315830;119165.0;119950.0;119010.0;119385.0;859678
2021-02-17 13:45:00.111870;119385.0;119910.0;119070.0;119090.0;931049
2021-02-17 14:19:00.356870;119090.0;119470.0;119030.0;119450.0;943070
2021-02-17 14:49:00.518870;119450.0;120080.0;119330.0;120050.0;950850
2021-02-17 15:16:00.354570;120050.0;120735.0;120035.0;120420.0;1013068
2021-02-17 15:58:00.069070;120420.0;120800.0;120395.0;120620.0;1008371
2021-02-17 16:48:00.023570;120620.0;120780.0;120475.0;120660.0;1051125
2021-02-17 17:34:00.523800;120665.0;120735.0;120310.0;120665.0;1086943
2021-04-05 09:12:00.020370;120665.0;120800.0;115580.0;115700.0;935528
2021-04-05 09:40:00.118730;115700.0;116365.0;115695.0;116340.0;784512
2021-04-05 10:09:00.017930;116340.0;116465.0;116160.0;116460.0;895437
2021-04-05 10:24:00.360430;116460.0;116930.0;116410.0;116815.0;995140
2021-04-05 10:50:00.030700;116815.0;116960.0;116700.0;116890.0;986995
2021-04-05 11:15:00.140270;116890.0;117075.0;116730.0;117030.0;1010948
2021-04-05 11:40:00.004670;117030.0;117140.0;116815.0;117005.0;1035005
2021-04-05 12:03:00.580270;117005.0;117260.0;116920.0;117085.0;1024828
2021-04-05 12:47:00.342270;117085.0;117210.0;116950.0;117185.0;990668
2021-04-05 13:26:00.205570;117185.0;117260.0;116835.0;116880.0;1017117
2021-04-05 13:51:00.022770;116880.0;116900.0;116520.0;116805.0;1077146
2021-04-05 14:22:00.083500;116805.0;117090.0;116730.0;117025.0;1022389
2021-04-05 14:51:00.100070;117025.0;117165.0;116700.0;117100.0;1033068
2021-04-05 15:20:00.002430;117100.0;117445.0;116965.0;117425.0;1074008
2021-04-05 15:50:00.192970;117425.0;117675.0;117270.0;117620.0;1094133
2021-04-05 16:25:00.225630;117615.0;117670.0;117265.0;117480.0;1088743
2021-04-05 17:04:00.034270;117475.0;117765.0;117360.0;117630.0;1078230
2021-04-09 09:10:00.288000;117630.0;118125.0;117575.0;117740.0;880410
2021-04-09 09:43:00.417570;117740.0;117805.0;117450.0;117535.0;754447
2021-04-09 10:07:00.551770;117535.0;117695.0;117305.0;117325.0;804730
2021-04-09 10:28:00.147800;117325.0;117645.0;117205.0;117545.0;837648
2021-04-09 10:44:00.057330;117545.0;117845.0;117465.0;117810.0;904880
2021-04-09 11:09:00.317870;117810.0;117935.0;117675.0;117855.0;909139
2021-04-09 11:30:00.152570;117850.0;118025.0;117675.0;117980.0;892379
2021-04-09 11:52:00.138870;117980.0;118275.0;117815.0;118265.0;917058
2021-04-09 12:21:00.367630;118265.0;118275.0;117940.0;118010.0;933367
2021-04-09 12:51:00.382500;118010.0;118450.0;117855.0;118380.0;921298
2021-04-09 13:17:00.052470;118380.0;118695.0;118150.0;118295.0;946700
2021-04-09 14:03:00.418670;118295.0;118540.0;118260.0;118370.0;938830
2021-04-09 14:49:00.048170;118370.0;118390.0;118105.0;118255.0;938587
2021-04-09 15:09:00.522830;118255.0;118310.0;117445.0;117830.0;995496
2021-04-09 15:37:00.352670;117830.0;118230.0;117815.0;117970.0;966986
2021-04-09 16:19:00.090000;117975.0;118040.0;117700.0;117990.0;957621
2021-04-09 16:59:00.276170;117990.0;118120.0;117700.0;117830.0;1005188
2021-04-08 09:02:00.441430;117830.0;118415.0;117485.0;118415.0;813329
2021-04-08 09:42:00.503770;118415.0;118420.0;118010.0;118110.0;749076
2021-04-08 10:04:00.376800;118110.0;118135.0;117630.0;117735.0;815362
2021-04-08 10:29:00.574630;117730.0;117920.0;117650.0;117780.0;833378
2021-04-08 10:43:00.081130;117780.0;118040.0;117565.0;117800.0;877755
2021-04-08 11:04:00.584700;117795.0;117980.0;117660.0;117805.0;908119
2021-04-08 11:26:00.219100;117805.0;117840.0;117515.0;117715.0;916603
2021-04-08 11:58:00.081830;117715.0;117850.0;117460.0;117605.0;948596
2021-04-08 12:31:00.337330;117605.0;117890.0;117410.0;117880.0;877169
2021-04-08 12:53:00.425000;117880.0;118610.0;117860.0;118535.0;912939
2021-04-08 13:29:00.349270;118535.0;119020.0;118355.0;118910.0;907791
2021-04-08 14:00:00.241570;118910.0;118920.0;118300.0;118345.0;906321
2021-04-08 14:38:00.236400;118340.0;118425.0;118105.0;118130.0;959958
2021-04-08 15:07:00.452770;118130.0;118345.0;117965.0;118240.0;1049572
2021-04-08 15:39:00.461070;118240.0;118550.0;118210.0;118220.0;1032378
2021-04-08 16:07:00.037770;118220.0;118390.0;117985.0;118350.0;1166582
2021-04-08 16:45:00.284230;118350.0;118570.0;118325.0;118440.0;1076462
2021-02-26 09:04:00.463270;118440.0;118485.0;112155.0;112425.0;883654
2021-02-26 09:26:00.417600;112430.0;112875.0;112240.0;112785.0;812177
2021-02-26 09:53:00.377430;112785.0;113115.0;112760.0;113010.0;870996
2021-02-26 10:14:00.524600;113010.0;113195.0;112680.0;113190.0;897094
2021-02-26 10:28:00.066470;113190.0;113215.0;112300.0;112420.0;874158
2021-02-26 10:42:00.119170;112420.0;113060.0;112170.0;112760.0;886931
2021-02-26 11:01:00.008930;112755.0;113580.0;112660.0;113440.0;944942
2021-02-26 11:26:00.440430;113440.0;113660.0;113130.0;113440.0;948447
2021-02-26 11:45:00.132030;113445.0;113465.0;112740.0;112900.0;954142
2021-02-26 12:01:00.591270;112900.0;113310.0;111970.0;112105.0;1041828
2021-02-26 12:19:00.000500;112105.0;112205.0;111360.0;111365.0;1100511
2021-02-26 12:38:00.000800;111365.0;111585.0;110830.0;111305.0;1128599
2021-02-26 13:01:00.168570;111305.0;111840.0;111115.0;111190.0;1110058
2021-02-26 13:27:00.493370;111190.0;111820.0;110985.0;111340.0;1041060
2021-02-26 14:01:00.249600;111340.0;111725.0;111135.0;111300.0;1049781
2021-02-26 14:33:00.084030;111300.0;111845.0;111180.0;111565.0;1089437
2021-02-26 15:03:00.345070;111565.0;112120.0;111435.0;111575.0;1115266
2021-02-26 15:33:00.544230;111580.0;112470.0;111500.0;112260.0;1112444
2021-02-26 16:00:00.433600;112260.0;112355.0;111550.0;111720.0;1079978
2021-02-26 16:24:00.263830;111720.0;111775.0;110620.0;110665.0;1116537
2021-02-26 16:52:00.476970;110665.0;111055.0;110325.0;110340.0;1142619
2021-02-26 17:26:00.027000;110340.0;110765.0;109970.0;110100.0;1136846
2021-02-26 18:07:00.242570;110100.0;110655.0;109860.0;110100.0;1038091
2021-02-24 09:28:00.189500;110100.0;116065.0;109765.0;115975.0;791870
2021-02-24 09:57:00.442270;115975.0;116240.0;115810.0;116120.0;828269
2021-02-24 10:16:00.122570;116120.0;116360.0;115920.0;116250.0;866028
2021-02-24 10:31:00.425370;116250.0;116280.0;115645.0;115680.0;882323
2021-02-24 10:49:00.231670;115680.0;116010.0;115430.0;115445.0;920305
2021-02-24 11:09:00.258770;115445.0;115625.0;115275.0;115420.0;989383
2021-02-24 11:31:00.066070;115420.0;115500.0;114885.0;115085.0;987408
2021-02-24 11:48:00.236070;115085.0;115225.0;114745.0;115205.0;1057909
2021-02-24 12:12:00.474670;115200.0;115205.0;114785.0;115030.0;1045619
2021-02-24 12:38:00.568170;115030.0;115495.0;114955.0;115330.0;1039575
2021-02-24 13:15:00.049700;115330.0;115935.0;115250.0;115880.0;1041998
2021-02-24 13:53:00.104930;115880.0;115965.0;115560.0;115765.0;1026191
2021-02-24 14:29:00.262900;115760.0;116185.0;115620.0;116175.0;1018068
2021-02-24 15:06:00.140570;116175.0;116220.0;115850.0;115995.0;1003641
2021-02-24 15:51:00.091700;116000.0;116175.0;115850.0;115940.0;1021460
2021-02-24 16:26:00.439930;115940.0;115970.0;115375.0;115555.0;1085610
2021-02-24 17:13:00.070930;115555.0;115970.0;115520.0;115900.0;1113926
2021-02-18 09:00:00.395530;115900.0;120615.0;115655.0;120575.0;1119118
2021-02-18 09:28:00.430330;120565.0;120590.0;120180.0;120565.0;807321
2021-02-18 09:52:00.223130;120565.0;120765.0;120405.0;120605.0;876808
2021-02-18 10:15:00.028500;120605.0;121035.0;120405.0;121020.0;929778
2021-02-18 10:32:00.455530;121025.0;121050.0;120515.0;120835.0;894325
2021-02-18 10:47:00.000930;120835.0;120915.0;120275.0;120435.0;889925
2021-02-18 11:07:00.333070;120440.0;120850.0;120395.0;120625.0;959733
2021-02-18 11:31:00.310800;120625.0;120690.0;120195.0;120270.0;988417
2021-02-18 11:50:00.319300;120270.0;120690.0;120165.0;120290.0;1019063
2021-02-18 12:09:00.013870;120290.0;120420.0;119745.0;119780.0;984576
2021-02-18 12:30:00.272770;119780.0;119965.0;119455.0;119590.0;988219
2021-02-18 12:53:00.576500;119585.0;119710.0;119205.0;119485.0;951667
2021-02-18 13:24:00.397070;119485.0;119545.0;119130.0;119355.0;927696
2021-02-18 13:59:00.063400;119355.0;119400.0;118960.0;119135.0;978503
2021-02-18 14:31:00.500930;119135.0;119440.0;118880.0;119275.0;945288
2021-02-18 15:04:00.046700;119275.0;119280.0;118785.0;118915.0;965945
2021-02-18 15:34:00.017530;118920.0;119165.0;118625.0;119020.0;975398
2021-02-18 16:14:00.323870;119020.0;119245.0;118895.0;119185.0;1038502
2021-02-18 17:07:00.148630;119180.0;119395.0;119105.0;119305.0;1087451
2021-02-19 09:04:00.005830;119305.0;119400.0;118445.0;118535.0;1110884
2021-02-19 09:32:00.420270;118535.0;118600.0;118150.0;118390.0;836026
2021-02-19 09:58:00.249370;118390.0;118670.0;118240.0;118495.0;836166
2021-02-19 10:22:00.031030;118495.0;118935.0;118385.0;118870.0;909440
2021-02-19 10:44:00.385070;118870.0;118870.0;118510.0;118525.0;913111
2021-02-19 11:05:00.018400;118525.0;118730.0;118230.0;118350.0;943220
2021-02-19 11:24:00.533670;118350.0;118510.0;117970.0;118310.0;941304
2021-02-19 11:42:00.565370;118310.0;118785.0;118120.0;118765.0;951830
2021-02-19 12:11:00.256130;118765.0;118885.0;118575.0;118615.0;983610
2021-02-19 12:37:00.512970;118615.0;119175.0;118535.0;118825.0;988210
2021-02-19 13:11:00.193970;118825.0;119375.0;118750.0;119295.0;1006054
2021-02-19 13:53:00.389200;119295.0;119420.0;119030.0;119075.0;973487
2021-02-19 14:18:00.510070;119075.0;119090.0;118475.0;118645.0;1005686
2021-02-19 14:52:00.025000;118645.0;118695.0;118330.0;118355.0;1029066
2021-02-19 15:32:00.260730;118355.0;118490.0;118215.0;118360.0;1014120
2021-02-19 16:19:00.485000;118360.0;118610.0;118240.0;118465.0;1062103
2021-02-19 17:03:00.258970;118465.0;118795.0;118320.0;118745.0;1171096
2021-02-19 17:57:00.060670;118745.0;119085.0;118565.0;118605.0;1056410
2021-02-25 09:23:00.225000;118605.0;118680.0;115720.0;115965.0;827962
2021-02-25 10:00:00.167100;115965.0;115995.0;115705.0;115795.0;848510
2021-02-25 10:18:00.556930;115790.0;116155.0;115780.0;115950.0;917766
2021-02-25 10:42:00.084200;115950.0;116245.0;115895.0;116110.0;911583
2021-02-25 11:04:00.238700;116110.0;116510.0;116065.0;116390.0;963713
2021-02-25 11:29:00.038400;116385.0;116545.0;115960.0;116515.0;932319
2021-02-25 11:53:00.393170;116515.0;116720.0;116460.0;116555.0;974651
2021-02-25 12:16:00.022900;116555.0;116565.0;115890.0;116000.0;984450
2021-02-25 12:36:00.067870;116000.0;116430.0;115655.0;115655.0;1011388
2021-02-25 12:55:00.534600;115655.0;115720.0;115035.0;115275.0;1055223
2021-02-25 13:27:00.321530;115275.0;115510.0;115155.0;115255.0;1029723
2021-02-25 13:52:00.532370;115255.0;115290.0;114550.0;114735.0;1030678
2021-02-25 14:17:00.221170;114735.0;114825.0;114395.0;114780.0;1003124
2021-02-25 14:42:00.217430;114780.0;114785.0;114265.0;114405.0;1046729
2021-02-25 15:03:00.545200;114405.0;114495.0;113620.0;113730.0;1075067
2021-02-25 15:24:00.338270;113730.0;113950.0;113445.0;113930.0;1105612
2021-02-25 15:50:00.045970;113935.0;114035.0;113445.0;113485.0;1084413
2021-02-25 16:16:00.370700;113485.0;113950.0;113095.0;113915.0;1208562
2021-02-25 16:47:00.510300;113915.0;114040.0;113240.0;113270.0;1229510
2021-02-25 17:15:00.167100;113270.0;113465.0;112560.0;112760.0;1193210
2021-02-25 17:43:00.118800;112760.0;112970.0;111855.0;112080.0;1278822
2021-02-22 09:07:00.190300;112080.0;113580.0;111815.0;112945.0;1065550
2021-02-22 09:28:00.012630;112945.0;113140.0;112440.0;112700.0;722849
2021-02-22 10:00:00.238670;112700.0;113720.0;112685.0;113635.0;804148
2021-02-22 10:17:00.068600;113635.0;114020.0;113320.0;113425.0;835927
2021-02-22 10:32:00.172230;113425.0;113785.0;112735.0;112950.0;840431
2021-02-22 10:53:00.062370;112945.0;113205.0;112590.0;112830.0;815975
2021-02-22 11:07:00.215670;112825.0;112845.0;111740.0;111835.0;845697
2021-02-22 11:30:00.543070;111835.0;112430.0;111770.0;112340.0;761767
2021-02-22 11:46:00.369730;112340.0;112845.0;112120.0;112645.0;860994
2021-02-22 12:11:00.483170;112645.0;113125.0;112535.0;113080.0;877702
2021-02-22 12:36:00.455170;113085.0;113120.0;112250.0;112330.0;859740
2021-02-22 13:13:00.089230;112330.0;112550.0;112180.0;112425.0;898762
2021-02-22 13:49:00.021630;112425.0;112755.0;112250.0;112485.0;882120
2021-02-22 14:20:00.145330;112485.0;113370.0;112425.0;113345.0;912862
2021-02-22 14:40:00.186830;113345.0;114495.0;113345.0;114390.0;953141
2021-02-22 15:07:00.129170;114390.0;114600.0;113600.0;113610.0;960315
2021-02-22 15:42:00.519500;113610.0;114165.0;113605.0;114030.0;967301
2021-02-22 16:13:00.179900;114030.0;114305.0;113280.0;113525.0;987734
2021-02-22 16:53:00.154300;113530.0;114015.0;113475.0;113740.0;1011532
2021-02-22 17:34:00.084870;113735.0;113780.0;113265.0;113280.0;990081
2021-02-22 18:22:00.390870;113275.0;113325.0;112135.0;112150.0;984412
2021-02-23 09:24:00.379370;112150.0;113755.0;112040.0;113685.0;847972
2021-02-23 09:51:00.469770;113680.0;113795.0;113425.0;113795.0;844409
2021-02-23 10:10:00.101870;113795.0;114150.0;113725.0;114150.0;876810
2021-02-23 10:27:00.413000;114150.0;114260.0;113855.0;114115.0;876303
2021-02-23 10:46:00.449500;114115.0;114465.0;114060.0;114465.0;906228
2021-02-23 11:04:00.304800;114465.0;114575.0;114065.0;114065.0;922340
2021-02-23 11:23:00.286530;114065.0;114255.0;113790.0;113870.0;950695
2021-02-23 11:41:00.188300;113875.0;114090.0;113370.0;113690.0;965208
2021-02-23 11:57:00.382430;113690.0;113870.0;113175.0;113855.0;1021816
2021-02-23 12:19:00.311930;113860.0;114320.0;113670.0;114025.0;1009624
2021-02-23 12:41:00.583270;114025.0;114695.0;113950.0;114395.0;1048962
2021-02-23 13:11:00.438270;114395.0;114820.0;114230.0;114250.0;1063247
2021-02-23 13:37:00.032630;114250.0;115015.0;114235.0;114905.0;1001360
2021-02-23 14:07:00.320630;114905.0;115080.0;114405.0;114435.0;983416
2021-02-23 14:40:00.034900;114435.0;114740.0;114270.0;114355.0;989206
2021-02-23 15:11:00.310170;114350.0;114840.0;114235.0;114840.0;995569
2021-02-23 15:43:00.088330;114840.0;115300.0;114740.0;115115.0;1023107
2021-02-23 16:18:00.149200;115115.0;115200.0;114785.0;114955.0;1065230
2021-02-23 16:54:00.583230;114960.0;115065.0;114600.0;114945.0;1129293
2021-02-23 17:32:00.381730;114945.0;115545.0;114890.0;115470.0;1125380
2021-03-24 09:04:00.236830;115470.0;115750.0;113555.0;113940.0;993155
2021-03-24 09:33:00.012030;113940.0;114235.0;113740.0;113740.0;780337
2021-03-24 09:59:00.068470;113740.0;113840.0;113430.0;113800.0;851884
2021-03-24 10:21:00.387400;113800.0;113940.0;113525.0;113790.0;874856
2021-03-24 10:38:00.358230;113790.0;114105.0;113695.0;114005.0;893416
2021-03-24 10:56:00.259800;114010.0;114260.0;113805.0;114075.0;873187
2021-03-24 11:17:00.277870;114075.0;114360.0;113870.0;113875.0;883992
2021-03-24 11:39:00.038400;113875.0;114170.0;113720.0;113815.0;900414
2021-03-24 12:03:00.457200;113815.0;114245.0;113620.0;114180.0;938618
2021-03-24 12:26:00.316530;114180.0;114795.0;114170.0;114630.0;933731
2021-03-24 13:03:00.037200;114630.0;114735.0;114445.0;114675.0;947287
2021-03-24 13:40:00.383630;114675.0;114950.0;114500.0;114625.0;923778
2021-03-24 14:14:00.364400;114625.0;114790.0;114255.0;114295.0;935251
2021-03-24 14:46:00.466670;114295.0;114560.0;114200.0;114335.0;918178
2021-03-24 15:25:00.455100;114335.0;114600.0;114305.0;114320.0;972326
2021-03-24 15:50:00.029430;114325.0;114395.0;113785.0;113915.0;968555
2021-03-24 16:14:00.508170;113915.0;113920.0;113270.0;113435.0;968122
2021-03-24 16:35:00.217670;113435.0;113510.0;112325.0;112475.0;963973
2021-03-24 17:00:00.451370;112475.0;112605.0;111670.0;111755.0;962634
2021-03-30 09:03:00.093730;111755.0;115645.0;111635.0;115560.0;858461
2021-03-30 09:32:00.247970;115560.0;115610.0;115110.0;115225.0;721383
2021-03-30 09:52:00.340670;115220.0;115330.0;114665.0;114795.0;781519
2021-03-30 10:13:00.561630;114790.0;115345.0;114730.0;115260.0;844662
2021-03-30 10:30:00.426070;115260.0;115655.0;115245.0;115465.0;856353
2021-03-30 10:44:00.288670;115465.0;115720.0;115230.0;115575.0;853910
2021-03-30 10:57:00.198970;115575.0;116150.0;115470.0;116105.0;858234
2021-03-30 11:12:00.292930;116105.0;116520.0;116040.0;116330.0;892769
2021-03-30 11:36:00.440570;116330.0;116490.0;116110.0;116110.0;901737
2021-03-30 12:01:00.488730;116110.0;116490.0;115990.0;116490.0;923674
2021-03-30 12:19:00.219600;116490.0;117190.0;116365.0;117170.0;918639
2021-03-30 12:52:00.100200;117170.0;117175.0;116695.0;116855.0;928513
2021-03-30 13:32:00.248430;116850.0;116975.0;116625.0;116695.0;943164
2021-03-30 14:02:00.383070;116690.0;116930.0;116550.0;116630.0;987872
2021-03-30 14:32:00.043130;116630.0;116780.0;116430.0;116595.0;989142
2021-03-30 15:01:00.283830;116595.0;116870.0;116425.0;116620.0;982666
2021-03-30 15:34:00.108000;116620.0;116875.0;116520.0;116610.0;1013042
2021-03-30 16:11:00.450170;116610.0;116965.0;116595.0;116850.0;1085169
2021-03-30 16:49:00.572570;116855.0;117095.0;116790.0;116870.0;1022512
2021-03-30 17:49:00.435770;116870.0;117190.0;116745.0;117010.0;928569
2021-03-18 09:16:00.347230;117015.0;117510.0;116160.0;117060.0;734252
2021-03-18 09:34:00.009170;117060.0;117065.0;116465.0;116545.0;759749
2021-03-18 10:00:00.190630;116545.0;116555.0;116050.0;116090.0;754237
2021-03-18 10:14:00.139370;116095.0;116200.0;115535.0;115760.0;798799
2021-03-18 10:33:00.090770;115760.0;116025.0;115585.0;115675.0;796009
2021-03-18 10:51:00.264570;115675.0;115910.0;115520.0;115730.0;815375
2021-03-18 11:11:00.321600;115730.0;116145.0;115565.0;115820.0;817348
2021-03-18 11:32:00.174130;115820.0;116280.0;115675.0;116200.0;843621
2021-03-18 11:54:00.218470;116195.0;116480.0;115970.0;116100.0;893315
2021-03-18 12:23:00.071400;116100.0;116495.0;116030.0;116250.0;885003
2021-03-18 12:55:00.386600;116250.0;116715.0;116070.0;116575.0;882232
2021-03-18 13:27:00.041270;116575.0;116865.0;116450.0;116660.0;888300
2021-03-18 13:57:00.583300;116665.0;116770.0;116070.0;116160.0;902965
2021-03-18 14:25:00.573700;116160.0;116805.0;116100.0;116690.0;928282
2021-03-18 14:56:00.019300;116685.0;116805.0;116340.0;116535.0;931095
2021-03-18 15:21:00.203400;116535.0;116570.0;115730.0;115785.0;956886
2021-03-18 15:42:00.382900;115785.0;115885.0;115110.0;115115.0;1023632
2021-03-18 16:06:00.064170;115115.0;115230.0;114770.0;114870.0;1005572
2021-03-18 16:31:00.549230;114870.0;115150.0;114555.0;114820.0;988005
2021-03-18 17:03:00.127930;114820.0;114960.0;114385.0;114930.0;975360
2021-03-19 09:05:00.236530;114935.0;115700.0;114845.0;115525.0;805390
2021-03-19 09:35:00.462170;115525.0;115795.0;115380.0;115430.0;715286
2021-03-19 10:07:00.224430;115430.0;115565.0;115075.0;115190.0;817255
2021-03-19 10:28:00.014700;115190.0;115545.0;115150.0;115495.0;833529
2021-03-19 10:41:00.471970;115490.0;115520.0;114820.0;114825.0;845456
2021-03-19 10:55:00.344130;114825.0;115530.0;114715.0;115435.0;822540
2021-03-19 11:09:00.189370;115435.0;115800.0;115135.0;115230.0;851572
2021-03-19 11:34:00.074400;115230.0;115735.0;115225.0;115255.0;862857
2021-03-19 11:55:00.352670;115255.0;115895.0;115240.0;115635.0;840919
2021-03-19 12:22:00.501170;115640.0;115640.0;115110.0;115215.0;868018
2021-03-19 12:56:00.227470;115215.0;115550.0;115050.0;115540.0;868520
2021-03-19 13:31:00.278230;115540.0;115835.0;115430.0;115680.0;861271
2021-03-19 13:59:00.531300;115680.0;116500.0;115480.0;116490.0;887084
2021-03-19 14:33:00.289800;116490.0;116600.0;116210.0;116300.0;924733
2021-03-19 15:07:00.211470;116300.0;116340.0;115910.0;116115.0;892319
2021-03-19 15:52:00.060030;116115.0;116320.0;115970.0;116320.0;906799
2021-03-19 16:30:00.301300;116325.0;116475.0;116120.0;116160.0;929429
2021-03-19 17:09:00.184430;116160.0;116350.0;115905.0;116340.0;914441
2021-03-31 09:15:00.315570;116335.0;117065.0;115870.0;116855.0;719472
2021-03-31 09:45:00.267570;116855.0;117035.0;116650.0;116790.0;718835
2021-03-31 10:13:00.187470;116785.0;116925.0;116615.0;116875.0;839856
2021-03-31 10:29:00.473200;116880.0;117045.0;116590.0;116815.0;858574
2021-03-31 10:45:00.029270;116820.0;117115.0;116550.0;116615.0;904647
2021-03-31 11:04:00.464300;116610.0;116760.0;116430.0;116560.0;918084
2021-03-31 11:29:00.219600;116560.0;116870.0;116560.0;116750.0;971514
2021-03-31 11:49:00.269570;116750.0;117350.0;116685.0;117235.0;901300
2021-03-31 12:13:00.043430;117240.0;117330.0;116905.0;117125.0;890971
2021-03-31 12:35:00.098270;117130.0;117200.0;116405.0;116410.0;910945
2021-03-31 13:05:00.284770;116410.0;116665.0;116360.0;116540.0;933308
2021-03-31 13:37:00.029970;116540.0;116660.0;115915.0;116050.0;936349
2021-03-31 14:04:00.480270;116050.0;116395.0;115970.0;116190.0;975216
2021-03-31 14:40:00.130530;116190.0;116390.0;115945.0;116285.0;958375
2021-03-31 15:16:00.369100;116280.0;116320.0;116000.0;116165.0;954646
2021-03-31 15:47:00.210470;116165.0;116530.0;116165.0;116515.0;974871
2021-03-31 16:22:00.197770;116515.0;116735.0;116405.0;116635.0;974887
2021-03-31 17:00:00.518900;116635.0;116790.0;116470.0;116610.0;1001778
2021-03-25 09:04:00.152300;116610.0;116780.0;111260.0;111285.0;787788
2021-03-25 09:20:00.481130;111280.0;112310.0;111160.0;111215.0;755000
2021-03-25 09:42:00.109600;111215.0;111805.0;111180.0;111305.0;711074
2021-03-25 10:07:00.167370;111305.0;111860.0;111270.0;111600.0;770645
2021-03-25 10:24:00.228770;111605.0;111755.0;110840.0;111745.0;783995
2021-03-25 10:37:00.562330;111745.0;112220.0;111670.0;112190.0;835192
2021-03-25 10:53:00.132400;112185.0;112405.0;111770.0;111855.0;850454
2021-03-25 11:10:00.573370;111855.0;112490.0;111800.0;111995.0;894685
2021-03-25 11:26:00.439600;111995.0;112745.0;111615.0;112540.0;887859
2021-03-25 11:48:00.018330;112540.0;112680.0;111715.0;111715.0;872960
2021-03-25 12:08:00.507470;111715.0;111930.0;111435.0;111795.0;891106
2021-03-25 12:32:00.237500;111795.0;112700.0;111655.0;112555.0;935565
2021-03-25 12:59:00.334330;112555.0;113335.0;112545.0;113295.0;941234
2021-03-25 13:29:00.265500;113295.0;113525.0;113040.0;113365.0;944083
2021-03-25 14:01:00.201970;113370.0;113625.0;112950.0;113125.0;914978
2021-03-25 14:31:00.123070;113125.0;113455.0;112995.0;113170.0;991428
2021-03-25 14:55:00.064000;113175.0;113780.0;112960.0;113645.0;947531
2021-03-25 15:25:00.324370;113645.0;113820.0;113210.0;113590.0;1035289
2021-03-25 15:52:00.576700;113595.0;113960.0;113310.0;113940.0;1048676
2021-03-25 16:30:00.340630;113940.0;114125.0;113765.0;114065.0;1025321
2021-03-25 17:18:00.226000;114060.0;114100.0;113630.0;113760.0;948345
2021-03-26 09:17:00.225770;113760.0;113865.0;113240.0;113310.0;747706
2021-03-26 09:48:00.048170;113310.0;113550.0;113155.0;113550.0;732500
2021-03-26 10:11:00.070200;113550.0;114085.0;113480.0;114075.0;826574
2021-03-26 10:25:00.566570;114075.0;114785.0;113965.0;114785.0;838757
2021-03-26 10:43:00.176630;114785.0;115340.0;114740.0;115230.0;908212
2021-03-26 11:07:00.288370;115230.0;115530.0;114995.0;115380.0;883280
2021-03-26 11:36:00.155430;115380.0;115420.0;115010.0;115210.0;922289
2021-03-26 12:01:00.094770;115210.0;115290.0;114795.0;114945.0;930070
2021-03-26 12:32:00.012970;114950.0;115175.0;114825.0;115060.0;918518
2021-03-26 13:07:00.558570;115060.0;115360.0;114935.0;114940.0;928812
2021-03-26 13:39:00.519330;114935.0;115100.0;114715.0;114980.0;912846
2021-03-26 14:20:00.001030;114975.0;115170.0;114805.0;115095.0;930637
2021-03-26 14:45:00.004330;115095.0;115115.0;114285.0;114290.0;921097
2021-03-26 15:04:00.054770;114290.0;114550.0;113905.0;113925.0;929224
2021-03-26 15:22:00.593000;113925.0;114030.0;113300.0;113465.0;996353
2021-03-26 15:52:00.038870;113460.0;113975.0;113450.0;113920.0;968196
2021-03-26 16:24:00.369130;113920.0;114350.0;113875.0;114260.0;983673
2021-03-26 16:58:00.310470;114260.0;114985.0;114165.0;114975.0;960395
2021-03-22 09:01:00.199770;114980.0;116175.0;114595.0;115705.0;832766
2021-03-22 09:35:00.103130;115705.0;115720.0;115325.0;115325.0;703118
2021-03-22 10:09:00.411070;115325.0;115325.0;115040.0;115290.0;813873
2021-03-22 10:28:00.091330;115290.0;115430.0;114920.0;115165.0;811253
2021-03-22 10:44:00.237500;115165.0;115290.0;114745.0;114745.0;850017
2021-03-22 11:02:00.233700;114745.0;115085.0;114535.0;114550.0;843367
2021-03-22 11:19:00.091700;114550.0;114735.0;114110.0;114295.0;876620
2021-03-22 11:46:00.599470;114295.0;114685.0;114240.0;114650.0;926527
2021-03-22 12:10:00.089700;114650.0;114720.0;114115.0;114380.0;891047
2021-03-22 12:37:00.515170;114380.0;114545.0;114050.0;114395.0;886428
2021-03-22 13:07:00.429700;114395.0;114530.0;113760.0;113895.0;898858
2021-03-22 13:44:00.403100;113900.0;114060.0;113630.0;114060.0;953780
2021-03-22 14:23:00.361130;114060.0;114450.0;113985.0;114415.0;917142
2021-03-22 14:53:00.165900;114415.0;114845.0;114240.0;114740.0;997062
2021-03-22 15:21:00.325730;114740.0;115230.0;114565.0;115195.0;961806
2021-03-22 15:56:00.119330;115190.0;115500.0;115165.0;115500.0;1005018
2021-03-22 16:24:00.522070;115500.0;115520.0;114895.0;115095.0;960033
2021-03-22 17:03:00.459130;115095.0;115315.0;114950.0;115015.0;961086
2021-03-23 09:04:00.096270;115015.0;115480.0;114285.0;114395.0;805137
2021-03-23 09:33:00.205930;114390.0;114485.0;114025.0;114135.0;763157
2021-03-23 09:55:00.308730;114135.0;114580.0;114040.0;114470.0;763343
2021-03-23 10:15:00.203170;114470.0;114545.0;113980.0;114230.0;793405
2021-03-23 10:31:00.347330;114230.0;114650.0;114155.0;114230.0;835044
2021-03-23 10:48:00.343370;114230.0;114800.0;114190.0;114635.0;828672
2021-03-23 11:05:00.176270;114635.0;114645.0;114180.0;114285.0;803518
2021-03-23 11:29:00.407230;114285.0;114725.0;114255.0;114495.0;827647
2021-03-23 11:45:00.035430;114495.0;114505.0;113895.0;114410.0;845438
2021-03-23 12:03:00.479500;114410.0;115055.0;114405.0;114940.0;899728
2021-03-23 12:20:00.389800;114940.0;115675.0;114910.0;115450.0;905196
2021-03-23 12:53:00.430030;115450.0;115550.0;115155.0;115415.0;904876
2021-03-23 13:24:00.372370;115415.0;115730.0;115135.0;115380.0;921067
2021-03-23 14:08:00.199070;115380.0;115450.0;115070.0;115150.0;888690
2021-03-23 14:26:00.389500;115145.0;115150.0;114290.0;114300.0;936235
2021-03-23 14:54:00.587370;114300.0;114700.0;114275.0;114695.0;941081
2021-03-23 15:23:00.331170;114695.0;114700.0;114200.0;114525.0;937636
2021-03-23 15:51:00.385670;114525.0;114750.0;114050.0;114100.0;947693
2021-03-23 16:15:00.041870;114100.0;114210.0;113630.0;113865.0;1005325
2021-03-23 16:37:00.395930;113865.0;114070.0;113025.0;113425.0;963579
2021-03-23 17:15:00.390170;113430.0;113575.0;113210.0;113450.0;932626
2021-03-09 09:09:00.571470;113450.0;113595.0;110450.0;110790.0;694777
2021-03-09 09:20:00.232770;110790.0;110790.0;109435.0;109835.0;737514
2021-03-09 09:34:00.167730;109830.0;110510.0;109610.0;110070.0;739839
2021-03-09 09:50:00.203100;110070.0;110285.0;109655.0;109845.0;728115
2021-03-09 10:09:00.157200;109845.0;110585.0;109770.0;110540.0;738853
2021-03-09 10:22:00.095030;110545.0;110730.0;109790.0;110055.0;728740
2021-03-09 10:33:00.126300;110055.0;110475.0;109405.0;110355.0;766878
2021-03-09 10:51:00.199000;110350.0;110545.0;109815.0;110545.0;816632
2021-03-09 11:10:00.550530;110545.0;111020.0;110470.0;110890.0;801875
2021-03-09 11:28:00.288930;110890.0;111220.0;110625.0;111065.0;812655
2021-03-09 11:41:00.024770;111070.0;111190.0;110540.0;110590.0;831975
2021-03-09 11:55:00.148300;110600.0;110820.0;110185.0;110755.0;823102
2021-03-09 12:11:00.099330;110750.0;111265.0;110540.0;111240.0;815962
2021-03-09 12:28:00.427370;111235.0;111310.0;110695.0;111065.0;789928
2021-03-09 12:44:00.065600;111065.0;112230.0;110855.0;112090.0;814897
2021-03-09 13:03:00.530730;112090.0;112390.0;111745.0;112320.0;745907
2021-03-09 13:33:00.395100;112320.0;112365.0;111795.0;111905.0;785516
2021-03-09 14:02:00.098130;111905.0;112290.0;111630.0;111720.0;819821
2021-03-09 14:23:00.278370;111725.0;112215.0;111540.0;112000.0;830185
2021-03-09 14:39:00.155300;112000.0;112915.0;111860.0;112345.0;814503
2021-03-09 15:04:00.452070;112345.0;112420.0;111835.0;111995.0;800190
2021-03-09 15:22:00.352930;111995.0;112030.0;111380.0;111825.0;830692
2021-03-09 15:53:00.085770;111825.0;111900.0;111115.0;111350.0;903638
2021-03-09 16:18:00.313370;111350.0;111630.0;111095.0;111385.0;886896
2021-03-09 16:54:00.514870;111385.0;111635.0;111285.0;111350.0;868570
2021-03-09 17:18:00.106530;111350.0;112005.0;111200.0;111490.0;888011
2021-03-09 17:49:00.551330;111490.0;111895.0;110865.0;111195.0;839886
2021-03-08 09:07:00.341370;111195.0;114225.0;110950.0;113920.0;669436
2021-03-08 09:28:00.299570;113925.0;113980.0;113380.0;113430.0;693650
2021-03-08 09:50:00.386100;113430.0;113475.0;113040.0;113215.0;736223
2021-03-08 10:07:00.019600;113210.0;113395.0;112900.0;113015.0;759316
2021-03-08 10:20:00.328770;113015.0;113575.0;112985.0;113455.0;764343
2021-03-08 10:35:00.123900;113455.0;113535.0;113055.0;113355.0;770267
2021-03-08 10:52:00.117830;113355.0;113945.0;113235.0;113785.0;794695
2021-03-08 11:12:00.005100;113785.0;114095.0;113660.0;114055.0;814743
2021-03-08 11:31:00.159200;114055.0;114185.0;113800.0;113930.0;794765
2021-03-08 11:44:00.012000;113930.0;114420.0;113795.0;114400.0;858331
2021-03-08 11:54:00.375070;114400.0;114470.0;113580.0;113835.0;835396
2021-03-08 12:06:00.162400;113835.0;113950.0;113360.0;113570.0;846878
2021-03-08 12:22:00.326070;113565.0;114070.0;113430.0;113970.0;849477
2021-03-08 12:40:00.003330;113970.0;114645.0;113855.0;114585.0;868868
2021-03-08 13:00:00.132830;114585.0;114695.0;114210.0;114335.0;848238
2021-03-08 13:23:00.592530;114335.0;114445.0;113935.0;114430.0;874605
2021-03-08 13:47:00.096300;114430.0;114485.0;113665.0;113850.0;858786
2021-03-08 14:10:00.117570;113850.0;113965.0;113585.0;113930.0;911496
2021-03-08 14:29:00.286700;113930.0;114395.0;113570.0;114335.0;925871
2021-03-08 14:57:00.328500;114335.0;114480.0;114145.0;114415.0;938308
2021-03-08 15:28:00.296400;114410.0;114560.0;114220.0;114460.0;858230
2021-03-08 15:40:00.213670;114460.0;114630.0;113125.0;113375.0;886269
2021-03-08 15:49:00.360870;113380.0;113690.0;112265.0;112350.0;856281
2021-03-08 15:58:00.161830;112350.0;112520.0;111250.0;111750.0;820145
2021-03-08 16:09:00.152930;111745.0;112445.0;111345.0;112185.0;835344
2021-03-08 16:28:00.001730;112185.0;112640.0;111935.0;112335.0;929270
2021-03-08 16:45:00.321130;112335.0;112570.0;111765.0;111785.0;855711
2021-03-08 17:05:00.246500;111785.0;112120.0;111390.0;111455.0;863059
2021-03-08 17:19:00.083500;111455.0;111595.0;110375.0;110550.0;882268
2021-03-08 17:40:00.091300;110545.0;111230.0;110260.0;110890.0;896776
2021-03-08 18:03:00.168700;110890.0;111170.0;110410.0;110775.0;697358
2021-03-08 18:31:00.184000;110775.0;110795.0;108975.0;109000.0;405001
